<?xml version="1.0" encoding="UTF-8"?>
<!DOCTYPE suite SYSTEM "https://testng.org/testng-1.0.dtd">
<suite name="crossbrowsertesting" parallel="tests" thread-count="2">
	<test name="chromeTest">
		<parameter name="browser" value="chrome"></parameter>
		<classes>
			<class name="com.luma.project.testcase.LumaMenGroups" />
			<class name="com.luma.project.testcase.LumaWomenGroups" />
		</classes>
	</test> <!-- Test -->
	<test name="firefoxtest">
		<parameter name="browser" value="Edge"></parameter>
		<classes>
			<class name="com.luma.project.testcase.LumaMenGroups" />
			<class name="com.luma.project.testcase.LumaWomenGroups" />
		</classes>
	</test> <!-- Test -->
</suite> <!-- Suite -->